Team,Rotation,Serve Loc,Speed,Pass Loc,Passer #,PassRTG,OH Path,MH Path,RS Path,Setter #,Setter zone,Set,Hitter #,Hit To,Result,Speed,FBWL
ISUB,1,A,O,5,5,1,4,C,2,2,1,4,5,6,BA,O,
ISUB,1,A,O,5,5,1,4,C,2,8,6,4,5,T1,A,-,
ISUB,1,C,O,6,10,0,,,,,,,,,,,L
ISUB,1,C,O,5,10,1,4,C,2,2,6,4,5,6,K,O,W
ISUB,1,C,O,5,10,3,4,C,2,2,3,2,13,6,BK,O,W
ISUB,1,C,O,5,10,3,4,C,2,2,3,2,13,5,E, +,L
ISUB,1,C,O,6,10,3,4,1,3,2,2,4,5,T1,A,-,
ISUB,1,C,O,5,5,1,2,C,4,8,1,4,13,5,K,O,
ISUB,1,C,O,6,10,3,2,C,4,2,3,2,5,1,A,O,
ISUB,1,C,O,1,8,3,5,1,4,2,3,4,13,5,BK,O,W
ISUB,1,C,O,1,8,3,2,C,4,2,2,4,13,6,A,O,
ISUB,1,C,O,6,8,3,5,3,4,2,2,BRA,10,6,A,O,
ISUB,1,A,O,4,1,3,5,1,4,2,3,4,13,5,K,O,W
ISUB,1,A,O,1,19,3,2,C,4,2,2,2,19,T1,K,-,W
ISUB,2,C,O,1,21,3,4,1,5,2,2,4,19,6,A,O,
ISUB,2,A,O,5,19,2,4,1,5,2,3,5,13,5,BK,O,W
ISUB,2,C,O,6,8,3,4,1,5,3,3,5,13,1,K, +,W
ISUB,2,C,O,5,19,3,4,1,5,2,3,5,13,5,K,O,W
ISUB,2,A,O,6,8,3,4,3,5,2,3,5,13,1,BK,O,W
ISUB,2,A,O,1,21,1,4,3,5,2,2,5,13,T4,A,-,
ISUB,2,A,O,5,19,3,4,3,5,2,2,5,13,6,BA,O,
ISUB,2,C,O,5,19,2,4,1,5,2,3,5,13,1,E,O,L
ISUB,2,C,O,2,1,1,4,1,5,2,6,4,19,R6,K,-,W
ISUB,2,A,O,5,19,3,4,1,5,2,3,4,19,6,BK,O,W
ISUB,3,A,O,5,21,3,4,3,5,2,3,5,13,6,BK,O,W
ISUB,3,A,O,5,21,3,4,C,2,2,3,2,13,5,K, +,W
ISUB,3,A,O,5,21,3,4,3,5,2,3,5,13,T4,BK,-,W
ISUB,3,A,O,5,21,3,4,3,5,2,3,5,13,5,BE,O,L
ISUB,3,A,O,5,3,3,4,1,5,2,3,4,19,6,A,O,
ISUB,3,C,O,5,21,3,4,C,2,2,3,4,19,6,K,O,W
ISUB,3,C,O,5,19,2,4,1,5,2,3,4,19,6,E,O,L
ISUB,3,C,O,5,19,3,4,3,5,2,3,5,13,6,K,O,W
ISUB,3,A,O,6,8,1,4,1,5,2,4,1,3,1,BA,O,
ISUB,3,A,O,6,21,0,,,,,,,,,,,L
ISUB,3,A,O,5,10,1,4,C,2,21,6,4,10,6,BK,O,W
ISUB,3,A,O,5,21,1,4,1,5,3,5,4,10,1,A,O,
ISUB,3,A,O,6,21,3,4,C,2,2,3,4,10,6,BA,O,
ISUB,3,A,O,6,21,3,4,C,2,2,3,2,13,1,K, +,W
ISUB,4,A,O,5,19,1,4,C,,8,6,4,19,6,A,O,
ISUB,4,A,O,5,19,3,4,C,,2,3,4,19,6,K,O,W
ISUB,4,A,O,5,3,3,4,C,,2,3,4,19,T1,A,-,
ISUB,4,A,O,5,19,0,,,,,,,,,,,L
ISUB,4,A,O,5,21,0,,,,,,,,,,,L
ISUB,4,A,-,6,3,3,4,C,,2,3,4,19,6,E,O,L
ISUB,4,A,O,1,19,3,5,1,4,12,3,1,3,6,BA,O,
ISUB,4,A,O,1,19,3,5,3,4,12,3,4,15,6,BE,O,L
ISUB,4,A,-,5,19,3,4,C,2,2,3,C,3,1,A,O,
ISUB,4,C,O,6,21,3,4,C,,2,3,C,3,1,K,O,W
ISUB,4,C,O,4,3,3,4,1,,2,3,4,19,1,BK,O,W
ISUB,4,A,O,5,21,3,4,C,,2,3,SD,2,6,A,-,
ISUB,4,A,O,5,19,1,4,C,,2,4,4,19,T1,A,-,
ISUB,4,A,O,5,5,2,4,C,,2,2,C,3,6,BA,O,
ISUB,4,A,O,5,5,2,4,C,,2,3,4,5,1,BE,O,L
ISUB,4,A,O,5,5,1,,,,,,,,,,,
ISUB,4,A,O,6,10,2,3,1,,2,2,1,3,T5,A,-,
ISUB,4,A,O,5,10,3,4,C,,2,3,4,10,6,BK,O,W
ISUB,4,A,O,6,21,3,4,C,,2,3,4,10,6,BA,O,
ISUB,4,A,O,5,10,3,4,C,,2,3,C,3,6,BE,O,L
ISUB,4,A,O,6,21,3,4,C,,2,3,C,3,1,E,O,L
ISUB,4,A,O,5,10,3,4,C,,2,3,4,10,T1,BA,-,
ISUB,5,A,O,5,5,3,4,C,,2,3,C,3,6,BA,O,
ISUB,5,A,O,5,5,2,4,C,,2,3,4,5,6,BK,O,W
ISUB,5,A,O,5,5,2,4,C,2,12,4,C,3,6,BA,O,
ISUB,5,A,O,5,5,2,4,C,2,12,4,4,5,6,A,O,
ISUB,5,A,O,5,5,3,4,A,,2,3,4,5,5,K,O,W
ISUB,5,A,O,6,8,1,4,C,,2,1,BRA,10,T3,A,-,
ISUB,5,A,O,6,8,2,4,C,,2,4,4,5,4,K,O,W
ISUB,5,A,O,5,8,3,4,C,,2,3,C,3,5,K,O,W
ISUB,5,A,O,5,5,1,4,C,,2,6,4,5,1,K,O,W
ISUB,5,A,O,5,5,0,,,,,,,,,,,L
ISUB,5,A,O,5,8,1,4,C,,2,1,4,5,6,BA,O,
ISUB,5,A,O,5,5,1,4,C,,12,1,BRA,10,5,A,O,
ISUB,5,A,O,5,8,3,4,C,,2,3,4,19,R5,BA,O,
ISUB,5,A,O,5,19,3,4,C,,2,3,4,19,6,A,O,
ISUB,5,A,O,6,8,3,4,C,,2,3,SD,2,6,A,-,
ISUB,6,C,O,5,5,3,4,C,,2,3,C,1,1,A,O,
ISUB,6,C,O,6,10,2,4,C,,2,3,4,5,1,K,-,W
ISUB,6,C,O,6,10,0,,,,,,,,,,,L
ISUB,6,A,O,6,10,1,4,C,,2,2,FB,1,6,A,-,
ISUB,6,A,O,6,10,3,4,C,,2,3,C,1,1,BK,O,W
ISUB,6,A,O,6,10,3,4,C,,2,3,C,1,6,BA,O,
ISUB,6,A,O,5,5,3,4,1,,2,3,4,5,5,A,O,
ISUB,6,A,O,6,10,3,4,1,5,12,3,4,5,6,BA,O,
ISUB,6,A,O,5,5,2,4,1,5,12,4,SD,12,6,A,-,
ISUB,6,A,O,5,5,3,4,C,,2,3,C,1,T5,A,-,
ISUB,6,A,O,5,5,1,4,C,,2,6,BRA,10,R6,A,-,
ISUB,6,A,O,5,5,3,4,1,5,12,3,4,5,1,K,O,W
ISUB,6,A,O,5,5,1,4,1,5,12,1,4,5,R6,A,-,
ISUB,6,A,O,5,5,0,,,,,,,,,,,L
ISUB,6,A,O,5,10,1,4,1,5,12,6,4,5,R6,A,-,
ISUB,6,A,O,5,10,3,4,1,5,12,3,1,1,6,E,O,L
ISUB,6,A,O,5,10,2,4,1,5,12,4,4,5,5,BA,O,
ISUB,6,A,O,5,10,1,4,1,5,12,5,4,5,6,A,O,
ISUB,1,A,O,6,8,3,5,3,4,12,3,4,15,5,E,O,L
ISUB,1,A,O,6,8,3,5,1,4,12,2,1,3,6,BA,O,
ISUB,1,A,-,1,10,3,5,3,4,12,2,4,15,1,BK,O,W
ISUB,4,A,O,5,10,3,5,1,4,2,3,1,1,1,BA,-,
ISUB,4,A,O,5,10,1,5,3,4,2,5,4,13,6,BA,O,
ISUB,4,A,O,5,8,0,,,,,,,,,,,L
ISUB,4,A,O,5,19,2,3,C,4,2,2,4,13,6,E,O,L
ISUB,4,A,-,1,8,2,4,C,B,2,3,4,19,5,K,O,W
ISUB,4,A,O,6,10,2,4,C,3,2,2,4,19,6,BK,O,W
ISUB,4,A,O,5,5,3,4,C,3,2,3,4,5,6,K, +,W
ISUB,4,A,O,6,10,3,4,C,3,2,3,3,13,1,A, +,W
ISUB,4,A,O,6,10,1,4,C,3,2,6,4,5,6,BE,O,L
ISUB,4,A,O,6,8,1,5,1,4,5,1,4,13,5,E,-,L
ISUB,4,A,O,5,5,2,4,C,B,2,3,4,5,4,A,O,
ISUB,4,A,O,6,10,3,4,1,C,2,3,1,1,5,K,-,W
ISUB,4,C,O,5,10,1,4,1,C,8,6,4,5,r6,A,-,
ISUB,2,C,O,5,19,1,4,1,5,12,1,BRA,10,1,K,O,W
ISUB,2,C,O,6,10,3,4,C,2,12,3,C,3,6,K, +,W
ISUB,5,C,O,1,21,3,4,3,5,2,2,5,13,6,K,O,W
ISUB,5,C,O,6,8,1,4,,5,1,5,4,5,1,E,O,L
ISUB,5,C,O,6,8,1,4,3,5,2,3,1,1,t1,A,-,
ISUB,5,C,O,5,8,1,4,1,5,2,2,5,13,6,BA,O,
ISUB,5,C,O,5,8,3,4,3,5,2,2,5,13,1,A,O,
ISUB,5,C,O,1,21,3,4,1,5,2,2,4,5,1,K, +,W
ISUB,5,C,O,6,8,3,4,3,5,2,2,5,13,1,K,O,W
ISUB,5,A,O,1,21,1,4,3,5,2,2,BRA,8,FB,A,-,
ISUB,5,A,O,6,8,0,,,,,,,,,,,L
ISUB,5,A,-,3,13,3,4,C,2,2,2,2,13,1,K, +,W
ISUB,5,C,O,6,8,3,4,C,B,2,3,4,19,5,A,O,
ISUB,5,A,O,5,8,1,4,,,1,1,BRA,13,t1,A,-,
ISUB,5,A,O,5,19,3,4,C,2,2,3,2,13,5,E,O,L
ISUB,5,A,O,5,19,3,4,1,5,2,3,1,1,5,BK,O,W
ISUB,5,A,O,5,8,3,4,1,5,2,3,1,1,5,A, +,
ISUB,5,A,O,5,8,0,,,,,,,,,,,L
ISUB,5,A,O,5,8,2,4,1,5,2,3,5,13,6,K,O,W
ISUB,3,A,O,6,10,3,4,3,5,12,3,3,1,6,A,-,
ISUB,3,A,O,5,19,3,4,3,5,12,3,3,1,t1,K,-,W
ISUB,3,A,-,6,10,2,B,3,5,12,4,5,15,1,E,O,L
ISUB,3,A,O,6,10,1,4,3,5,12,2,BRA,8,FB,A,-,
ISUB,6,A,O,1,8,1,4,3,5,21,6,4,5,4,K, +,W
ISUB,6,A,O,5,21,3,4,3,5,2,3,5,13,5,BA,O,
ISUB,6,C,O,5,19,1,4,C,2,8,1,4,19,5,E,-,L
ISUB,6,C,O,6,21,3,4,1,5,2,3,1,3,5,E,-,L
ISUB,6,C,O,6,21,3,4,1,5,2,2,4,19,5,K, +,W
ISUB,6,C,O,6,21,3,4,1,5,2,3,5,13,6,K,  +,W
ISUB,4,A,O,1,19,3,5,3,4,2,3,3,1,6,BA,O,
ISUB,4,A,O,6,8,1,5,1,4,13,4,BRA,8,FB,A,-,
ISUB,1,A,O,6,21,0,,,,,,,,,,,L
ISUB,1,A,O,6,21,3,4,,C,2,3,4,5,1,BA, +,
ISUB,1,A,O,1,8,3,4,C,,2,3,4,5,1,BK,O,W
ISUB,1,A,O,6,21,3,4,C,,2,3,SD,2,t6,K,-,W
ISUB,1,C,O,1,8,2,3,C,,2,3,3,19,6,BE, +,L
ISUB,1,C,O,1,8,1,4,C,,2,5,4,19,6,K,O,W
ISUB,5,C,O,6,8,2,4,3,5,2,2,5,13,5,BK,O,W
ISUB,5,C,O,5,10,3,4,3,5,2,3,5,13,5,BE,O,L
ISUB,5,C,O,5,8,3,4,1,5,2,3,4,10,6,E,O,L
ISUB,5,C,O,6,21,2,4,3,5,2,4,4,10,t3,A,-,
ISUB,5,C,O,5,8,3,4,3,5,2,3,4,5,6,K,O,W
ISUB,2,C,O,5,8,1,4,C,,2,1,4,19,5,A,O,
ISUB,2,C,O,6,8,1,4,C,,2,6,C,3,6,K,-,W
ISUB,2,A,O,5,5,2,4,C,,2,4,4,5,6,BA,O,
ISUB,2,A,O,1,10,3,4,C,,2,2,C,3,5,K, +,W
ISUB,2,A,O,1,10,0,,,,,,,,,,,L
ISUB,2,A,O,1,10,1,4,C,,3,1,4,5,r1,A,-,
ISUB,2,A,O,6,8,1,4,C,,2,4,4,5,5,K, +,W
ISUB,2,A,O,1,10,2,4,C,,2,2,C,3,t3,K,-,W
ISUB,2,C,O,5,5,3,4,C,,2,3,C,3,1,K, +,W
ISUB,2,C,O,5,8,2,4,C,,2,2,4,5,1,BK,O,W
ISUB,6,A,O,6,21,3,4,3,5,2,3,5,13,6,K, +,W
ISUB,6,A,O,1,8,1,4,3,5,2,3,3,3,6,A,O,
ISUB,3,A,O,6,10,1,4,,,1,6,4,19,r4,A,-,
ISUB,3,A,O,6,8,3,4,1,,2,3,4,19,5,BA, +,
ISUB,3,C,O,1,8,1,4,C,,2,1,4,19,t2,A,-,
ISUB,3,C,O,6,10,1,4,1,,2,3,4,5,5,A,O,
ISUB,3,C,O,6,10,1,4,1,5,12,3,4,5,6,BA,O,
ISUB,3,C,O,5,10,1,4,1,5,,,,,,,,
ISUB,3,C,O,5,10,1,4,1,5,12,4,4,5,1,BE,-,L
ISUB,3,C,O,5,10,2,4,3,5,12,4,4,5,t3,A,-,
ISUB,3,C,O,5,10,3,4,1,,2,3,4,5,1,BK, +,W
ISUB,3,C,O,5,5,3,4,1,,2,3,4,5,5,A,O,
ISUB,3,C,O,5,10,3,4,3,,2,3,SD,2,t4,A,-,
ISUB,3,C,O,6,10,3,4,1,,2,3,4,5,6,BA,O,
ISUB,3,C,O,6,10,3,4,C,,2,2,C,1,5,E,O,L
ISUB,3,C,O,5,10,3,4,1,,2,3,1,1,t3,BK,-,W
ISUB,3,C,O,5,5,0,,,,,,,,,,,L
ISUB,3,C,O,5,10,3,4,1,,2,3,4,5,4,K,O,W
ISUB,1,C,O,6,8,3,5,1,4,12,3,4,15,6,BA,O,
ISUB,1,C,O,6,8,3,5,1,4,12,3,4,15,5,BK,O,W
ISUB,1,C,O,6,8,1,5,,4,12,1,5,10,1,A,O,
ISUB,1,C,O,6,8,3,5,1,4,12,3,1,3,5,K ,O,W
ISUB,1,C,O,6,8,1,5,,4,12,6,4,15,1,BK,O,W
ISUB,1,C,O,6,8,3,5,1,4,12,3,1,3,5,A,O,
ISUB,1,B,O,1,10,1,5,1,4,12,6,4,15,6,A,O,
ISUB,1,B,O,1,10,3,5,1,4,12,3,4,15,6,K, +,W
ISUB,4,B,O,5,10,3,4,C,,2,4,BRA,13,6,E,L,
ISUB,4,A ,O,3,2,0,,,,,,,,,,,L
ISUB,4,A, +,1,9,3,5,1,4,2,3,4,13,5,A,O,
ISUB,4,A,O,1,9,3,5,3,2,2,3,5,19,5,A,O,
ISUB,4,A,O,1,19,1,5,3,2,2,2,5,19,1,BE,O,L
ISUB,2,A, +,1,10,1,,,,,,,,,,,
ISUB,2,A,O,5,19,1,,,,,,,,,,,
ISUB,2,A,O,5,8,3,4,1,5,12,3,1,3,1,A,O,
ISUB,2,A,O,1,10,3,4,B,5,12,3,B,3,5,E,O,L
ISUB,2,A,O,6,8,1,4,,5,12,6,4,19,R6,A,-,
ISUB,2,A,O,5,19,0,,,,,,,,,,,L
ISUB,2,A,O,5,19,2,4,B,5,12,4,4,19,5,E,O,L
ISUB,2,A,O,5,19,3,4,B,5,12,3,5,15,T4,A,-,
ISUB,2,A,O,6,8,3,4,1,5,12,3,5,15,6,A,O,
ISUB,2,A,O,5,6,1,4,,5,3,6,5,15,T2,A,-,
ISUB,2,A,O,5,19,1,,,,,,,,,,,
ISUB,2,A,O,5,8,3,4,3,5,12,3,5,15,5,BA,O,
ISUB,2,A,O,6,10,3,4,B,5,12,3,4,19,5,K, +,W
ISUB,2,A,O,5,8,0,,,,,,,,,,,L
ISUB,2,A,O,1,10,1,,,,19,4,BRA,10,1,E,O,L
ISUB,2,A,O,1,10,3,4,1,5,12,3,5,15,1,K,O,W
ISUB,2,A,O,1,10,3,4,B,C,12,3,4,19,5,K,O,W
ISUB,2,A,O,6,10,1,,,,,,,,,,,
ISUB,2,A,O,2,3,3,4,C,2,12,3,4,19,5,A,O,
ISUB,5,C,O,6,8,1,,,4,13,1,4,5,R1,BA,O,
ISUB,5,C,O,1,8,1,5,,4,2,2,5,13,1,K,O,W
ISUB,5,C,O,1,19,3,5,3,4,2,3,3,1,1,K, +,W
ISUB,3,C,O,5,19,1,4,,5,12,6,4,19,T2,BA,-,
ISUB,3,C,O,6,10,1,,,,19,5,BRA,10,6,A,O,
ISUB,3,C,O,5,10,3,4,3,5,12,3,3,1,6,BA,O,
ISUB,3,C,O,6,10,2,4,3,5,12,2,5,15,1,E,O,L
ISUB,3,C,O,6,10,3,4,3,5,12,3,5,15,1,BA,O,
ISUB,3,C,O,6,10,3,4,3,5,12,3,SD,12,3,A,-,
ISUB,3,C,O,6,10,3,4,3,5,12,3,5,15,1,A,O,
ISUB,3,C,O,6,10,1,,,,,,,,,,,
ISUB,3,C,O,5,19,3,4,3,5,12,3,3,1,1,K,O,W
ISUB,3,C,O,6,10,3,4,3,5,12,3,5,15,1,K, +,W
ISUB,3,C,O,6,10,3,4,3,5,12,3,3,1,5,K, +,W
ISUB,6,C,O,1,8,2,4,3,5,2,2,5,13,5,BA,O,
ISUB,6,C,O,6,19,3,4,3,5,2,3,5,13,6,BA,O,L
ISUB,6,C,O,6,19,3,4,3,5,2,3,4,5,5,A,O,
ISUB,6,C,O,6,19,1,4,3,5,8,6,4,5,1,BA,O,
ISUB,6,C,O,6,19,1,4,B,5,2,4,4,5,5,BA,O,
ISUB,6,C,O,6,19,3,4,3,5,2,3,5,13,5,K, +,W
ISUB,4,B,O,1,19,3,5,1,4,2,3,4,13,5,E,O,L
ISUB,4,B,O,1,19,1,5,,4,2,1,4,13,5,K,O,W
ISUB,4,B,O,6,8,1,5,,4,2,1,5,19,6,BE, +,L
ISUB,4,B,O,3,1,3,4,C,2,2,4,4,19,5,BK, +,W
ISUB,4,B,O,3,10,1,,,,,,,,,,,
ISUB,4,B,O,6,10,3,4,C,2,2,3,4,19,6,K, +,W
ISUB,4,B,O,3,10,1,4,,2,2,1,4,19,4,K,O,W
ISUB,4,C,O,6,10,3,4,C,2,2,3,4,19,5,A,O,
ISUB,4,C,O,6,10,3,4,C,2,2,3,4,19,6,BK,O,W
ISUB,4,C,O,1,8,3,4,C,2,2,3,4,19,6,BE,O,L
ISUB,4,C,O,1,10,1,5,,4,1,4,4,13,6,BA,O,
ISUB,4,C,O,1,8,3,4,3,2,2,2,4,19,4,K,O,W
ISUB,4,C,O,,,,,,,,,,,,,,
ISUB,1,C,O,6,21,3,4,C,2,12,C,3,1,BA, +,,
ISUB,1,A,O,6,21,3,4,C,2,12,3,4,5,6,BA,O,
ISUB,5,A, +,6,8,0,,,,,,,,,,,L
ISUB,5,A,O,6,8,2,4,3,5,2,2,4,10,R6,K,-,W
ISUB,5,A,O,6,8,3,4,3,5,2,2,5,13,5,BK, +,W
ISUB,5,A,O,1,21,3,4,3,5,2,3,3,1,T3,K,-,W
ISUB,5,C,O,5,10,3,4,3,5,2,3,3,1,1,E,O,L
ISUB,5,C, +,5,10,1,4,3,5,2,6,5,13,6,K,O,W
ISUB,5,A,O,1,21,1,4,,,2,5,4,10,5,A,O,
ISUB,5,A,O,2,1,1,4,,,8,6,4,10,R6,A,O,
ISUB,5,C,O,6,8,3,4,3,5,2,3,5,13,1,K, +,W
ISUB,5,C, +,6,8,1,4,3,5,2,1,4,10,5,A,O,
ISUB,5,C, +,5,8,1,4,3,5,2,6,4,10,T1,A,-,
ISUB,5,C, +,6,8,2,4,C,2,2,2,C,3,T1,A,-,
ISUB,5,C, +,6,8,0,,,,,,,,,,,L
ISUB,5,C, +,5,10,1,,,,,,,,,,,
ISUB,6,C,O,6,21,1,4,,5,8,6,4,10,R6,A,-,
ISUB,6,C,O,5,10,2,4,C,2,2,2,2,13,1,E, +,L
ISUB,6,C, +,5,10,1,4,3,5,2,5,4,10,5,A,O,
ISUB,6,A,O,6,21,3,4,3,5,2,3,5,13,5,K, +,W
ISUB,6,C, +,6,21,3,4,C,2,2,3,2,13,6,A,O,
ISUB,6,A,O,5,10,3,4,B,5,2,4,4,10,T2,A,-,
ISUB,6,A,O,5,10,3,4,3,5,2,3,5,13,1,K,O,W
ISUB,6,C,O,6,21,3,4,3,5,2,3,5,13,5,E, +,L
ISUB,6,A,O,3,5,3,4,3,5,2,3,5,13,6,BA,O,
ISUB,3,C,O,2,15,3,4,3,5,12,3,5,15,1,A,O,
ISUB,3,B,O,6,19,1,4,3,5,12,6,5,15,T2,K,-,W
ISUB,1,a ,o,3,15,1,4,1,5,8,6,4,10,5,k, + ,w 
ISUB,1,a,o,6,21,2,4,1,5,12,3,4,10,5,ba,o,
ISUB,1,a,o,6,21,1,4,1,5,12,3,1,3,1,a,o,
ISUB,1,a,o,1,10,3,5,1,4,12,3,4,15,t2,a,-,
ISUB,1,a,o,6,8,3,4,3,5,12,3,3,3,1,a, + ,
ISUB,1,a,o,5,21,1,4,1,5,12,3,4,15,5,a,o,
ISUB,1,a,o,1,10,3,5,1,4,12,3,4,15,6,e, + ,l
ISUB,2,a,o,5,19,1,4,1,5,12,6,4,19,6,a,o,
ISUB,2,a,o,6,8,3,4,1,5,12,3,4,19,5,k, + ,w
ISUB,2,a,o,6,8,3,4,1,5,12,3,5,15,1,ba,o,
ISUB,2,a,o,6,8,3,4,1,5,12,3,5,15,1,bk,o,w
ISUB,2,a,o,6,8,3,4,1,5,12,3,1,3,t3,a,-,
ISUB,2,a,o,6,8,2,4,1,5,12,4,4,19,5,k, + ,w
ISUB,3,a,o,5,10,3,4,1,5,12,3,5,15,1,ba,o,
ISUB,3,a,o,6,10,3,4,1,5,12,3,1,18,5,be, + ,l
ISUB,3,a,o,6,10,1,,,,,,,,,,,
ISUB,3,a,o,5,10,1,4,1,5,15,2,4,19,5,e,o,l
ISUB,3,a,o,5,10,3,4,1,5,12,3,5,15,6,k, + ,w
ISUB,3,c,o,5,10,2,4,1,5,12,3,4,19,5,bk, + ,w
ISUB,3,c,o,5,10,2,4,1,5,12,3,5,15,5,k, + ,w
ISUB,3,c,o,5,19,3,4,1,5,12,3,5,15,5,e, + ,l
ISUB,3,c,o,5,19,1,4,1,5,15,2,4,19,5,a, + ,
ISUB,3,c,o,5,19,2,4,1,5,12,3,4,19,t1,a,-,
ISUB,4,a,o,6,19,3,4,1,5,2,3,1,18,5,ba, + ,
ISUB,4,a,o,6,8,1,4,1,5,2,6,4,19,5,ba,o,
ISUB,4,a,o,5,10,2,4,1,5,2,3,4,19,6,a, + ,
ISUB,4,a,o,6,19,1,4,1,5,13,4,19,bra,1,e,o,l
ISUB,4,a,o,6,8,0,,,,,,,,,,,l
ISUB,4,a,o,1,19,3,5,1,4,5,2,4,13,5,bk, + ,w
ISUB,4,a,o,6,8,3,5,1,4,4,3,4,13,1,e, + ,l
ISUB,4,a,o,5,10,3,5,1,4,2,3,5,19,5,ne, + ,l
ISUB,4,a,o,6,8,0,,,,,,,,,,,l
ISUB,4,a,o,5,19,3,5,1,4,2,3,4,13,5,k, + ,w
ISUB,4,a,o,6,16,3,4,1,5,2,3,5,13,t4,a,-,
ISUB,4,a,o,6,8,3,4,1,5,4,3,4,19,6,k, + ,w
ISUB,5,c,o,1,21,1,4,b,5,2,3,4,10,5,a, + ,
ISUB,5,c,o,1,21,3,4,3,5,2,3,3,18,6,k, + ,w
ISUB,5,c,o,1,21,3,4,1,5,2,3,5,13,1,k, + ,w
ISUB,5,c,o,6,8,3,4,1,5,2,3,4,10,1,a, + ,
ISUB,5,c,o,6,8,1,4,1,5,2,3,4,10,6,a,o,
ISUB,5,c,o,6,8,2,4,b,5,2,3,b,18,1,a, + ,
ISUB,5,c,o,6,8,3,4,1,5,2,3,4,10,5,k, + ,w
ISUB,5,c,o,6,8,3,4,1,5,2,3,5,13,1,a, + ,
ISUB,5,c,o,5,10,3,4,1,5,2,3,5,13,6,e,o,l
ISUB,6,a,o,6,21,3,4,1,5,2,3,5,13,1,a, + ,
ISUB,6,a,o,6,21,2,4,1,5,2,3,4,10,1,k, + ,w
ISUB,6,a,o,6,21,3,4,3,5,2,3,5,13,1,a,o,
ISUB,6,a,o,6,21,1,4,3,5,2,3,4,10,r3,k,-,w
ISUB,6,a,o,6,8,3,4,c,1,2,3,1,13,t5,a,-,
ISUB,6,a,o,6,8,3,4,1,5,2,3,5,13,5,k, + ,w
ISUB,6,a,o,6,8,3,4,1,5,2,3,5,13,6,k,o,w